{"valueType":"nodes","values":[{"updatedAt":"2018-01-31T23:10:31.000Z","_typeName":"Post","isPublished":true,"text":"This is my first blog post ever!","id":"cjd3oqfs400360182b8vio2f6","createdAt":"2018-01-31T23:10:31.000Z","title":"Hello World"},{"updatedAt":"2018-01-31T23:10:31.000Z","_typeName":"Post","isPublished":true,"text":"My first post was good, but this one is better!","id":"cjd3oqfsn003801822e942pcw","createdAt":"2018-01-31T23:10:31.000Z","title":"My Second Post"},{"updatedAt":"2018-01-31T23:10:31.000Z","_typeName":"Post","isPublished":false,"text":"This is a draft...","id":"cjd3oqfsn003a0182qeehylsk","createdAt":"2018-01-31T23:10:31.000Z","title":"Solving World Hunger"},{"name":"Sarah","updatedAt":"2018-01-31T23:10:31.000Z","_typeName":"User","email":"developer@example.com","id":"cjd3oqfqu003501821vgpfkin","createdAt":"2018-01-31T23:10:31.000Z","password":"$2a$10$hACwQ5/HQI6FhbIISOUVeusy3sKyUDhSq36fF5d/54aAdiygJPFzm"},{"updatedAt":"2018-01-31T23:23:47.000Z","subject":"test","_typeName":"Course","description":"","code":"EXPL001","id":"cjd3p7iil00mg01821bcggx74","university":"UBC","createdAt":"2018-01-31T23:23:47.000Z","title":"example"}]}